,inspect_model_name,accuracy,stderr,total_tokens,input_tokens,output_tokens,task,dataset_samples,completed_samples,run_id,created,start_time,end_time,category,difficulty,filename,epoch_model_name,biggest_in_class,cost_per_M_tokens,input_cost_per_M_tokens,output_cost_per_M_tokens,cost_source,api_source,last_updated,Unnamed: 9,Unnamed: 10,System,Domain,Organization,Authors,Publication date,Reference,Link,Notability criteria,Notability criteria notes,Training dataset notes,Training dataset size (datapoints),Dataset size notes,Training hardware,Confidence,Epochs,Model accessibility,Hardware quantity,Hardware utilization,Batch size,Batch size notes,Country (from Organization),Organization categorization,Parameters,Parameters notes,Training compute (FLOP),Training compute notes,Training time notes,Abstract,Training dataset,Training time (hours),Citations,Base model,Finetune compute (FLOP),Finetune compute notes,Compute cost notes,Training compute cost (2023 USD),Task,Organization categorization (from Organization),Training code accessibility,Dataset accessibility,Accessibility notes,cost
0,openai/gpt-3.5-turbo,0.2727272727272727,0.0787295821622217,170540,170379,161,benchmarks/lab_bench,33,33,kMCBUHnAofKnpy8w3sFwRP,2024-09-20T12:28:03-04:00,2024-09-20T12:28:03-04:00,2024-09-20T12:28:05-04:00,,,2024-09-20T12-28-03-04-00_benchmarks-lab-bench_J3JJBHUhXWWY9djB8NpHmX.json,GPT-3.5 Turbo,1,,$0.50,$1.50,https://openai.com/api/pricing/,"https://platform.openai.com/docs/models, https://openai.com/api/pricing/",2024-09-03,,,GPT-3.5 Turbo,Language,OpenAI,,2022-11-30,"A fast, inexpensive model for simple tasks",https://platform.openai.com/docs/models,"Historical significance,Significant use","https://www.reuters.com/technology/chatgpt-sets-record-fastest-growing-user-base-analyst-note-2023-02-01/

free model in ChatGPT, so likely one of the most popular models in existence",,,,,Speculative,,,,,,,United States of America,Industry,20000000000.0,20B parameters according to Table 1 in Microsoft's CODEFUSION paper: https://arxiv.org/pdf/2310.17680.pdf,,,,,,,,,,,,,,,,,,0.085431
1,together/meta-llama/Meta-Llama-3-70B-Instruct-Turbo,0.15151515151515152,0.06338333534349057,80484,80324,160,benchmarks/lab_bench,33,33,92asLcsX3cyuRoBAsUfVkx,2024-09-20T12:33:51-04:00,2024-09-20T12:33:51-04:00,2024-09-20T12:33:55-04:00,,,2024-09-20T12-33-51-04-00_benchmarks-lab-bench_fv2HcyERNkmngXcAbVR8pH.json,Llama 3-70B,1,$0.88,,,https://api.together.xyz/models/meta-llama/Meta-Llama-3-70B-Instruct-Turbo,https://api.together.xyz/models/meta-llama/Meta-Llama-3-70B-Instruct-Turbo,2024-09-03,,,Llama 3-70B,Language,Meta AI,Aaditya Singh; Aaron Grattafiori; Abhimanyu Dubey; Abhinav Jauhri; Abhinav Pandey; Abhishek Kadian; Adam Kelsey; Adi Gangidi; Ahmad Al-Dahle; Amit Sangani; Ahuva Goldstand; Aiesha Letman; Ajay Menon; Akhil Mathur; Alan Schelten; Alex Vaughan; Amy Yang; Andrei Lupu; Andres Alvarado; Andrew Gallagher; Andrew Gu; Andrew Ho; Andrew Poulton; Andrew Ryan; Angela Fan; Ankit Ramchandani; Anthony Hartshorn; Archi Mitra; Archie Sravankumar; Artem Korenev; Arun Rao; Ashley Gabriel; Ashwin Bharambe; Assaf Eisenman; Aston Zhang; Ash JJhaveri; Aurelien Rodriguez; Austen Gregerson; Ava Spataru; Baptiste Roziere; Ben Maurer; Benjamin Leonhardi; Bernie Huang; Bhargavi Paranjape; Bing Liu; Binh Tang; Bobbie Chern; Brani Stojkovic; Brian Fuller; Catalina Mejia Arenas; Chao Zhou; Charlotte Caucheteux; Chaya Nayak; Ching-Hsiang Chu; Chloe Bi; Chris Cai; Chris Cox; Chris Marra; Chris McConnell; Christian Keller; Christoph Feichtenhofer; Christophe Touret; Chunyang Wu; Corinne Wong; Cristian Canton Ferrer; Damien Allonsius; Daniel Kreymer; Daniel Haziza; Daniel Li; Danielle Pintz; Danny Livshits; Danny Wyatt; David Adkins; David Esiobu; David Xu; Davide Testuggine; Delia David; Devi Parikh; Dhruv Choudhary; Dhruv Mahajan; Diana Liskovich; Diego Garcia-Olano; Diego Perino; Dieuwke Hupkes; Dingkang Wang; Dustin Holland; Egor Lakomkin; Elina Lobanova; Xiaoqing Ellen Tan; Emily Dinan; Eric Smith; Erik Brinkman; Esteban Arcaute; Filip Radenovic; Firat Ozgenel; Francesco Caggioni; Frank Seide; Frank Zhang; Gabriel Synnaeve; Gabriella Schwarz; Gabrielle Lee; Gada Badeer; Georgia Anderson; Graeme Nail; Gregoire Mialon; Guan Pang; Guillem Cucurell; Hailey Nguyen; Hamid Shojanazeri; Hannah Korevaar; Hannah Wang; Haroun Habeeb; Harrison Rudolph; Henry Aspegren; Hu Xu; Hugo Touvron; Iga Kozlowska; Igor Molybog; Igor Tufanov; Iliyan Zarov; Imanol Arrieta Ibarra; Irina-Elena Veliche; Isabel Kloumann; Ishan Misra; Ivan Evtimov; Jacob Xu; Jade Copet; Jake Weissman; Jan Geffert; Jana Vranes; Japhet Asher; Jason Park; Jay Mahadeokar; Jean-Baptiste Gaya; Jeet Shah; Jelmer van der Linde; Jennifer Chan; Jenny Hong; Jenya Lee; Jeremy Fu; Jeremy Teboul; Jianfeng Chi; Jianyu Huang; Jie Wang; Jiecao Yu; Joanna Bitton; Joe Spisak; Joelle Pineau; Jon Carvill; Jongsoo Park; Joseph Rocca; Joshua Johnstun; Junteng Jia; Kalyan Vasuden Alwala; Kam Hou U; Kate Plawiak; Kartikeya Upasani; Kaushik Veeraraghavan; Ke Li; Kenneth Heafield; Kevin Stone; Khalid El-Arini; Krithika Iyer; Kshitiz Malik; Kuenley Chiu; Kunal Bhalla; Kyle Huang; Lakshya Garg; Lauren Rantala-Yeary; Laurens van der Maaten; Lawrence Chen; Leandro Silva; Lee Bell; Lei Zhang; Liang Tan; Louis Martin; Lovish Madaan; Luca Wehrstedt; Lukas Blecher; Luke de Oliveira; Madeline Muzzi; Madian Khabsa; Manav Avlani; Mannat Singh; Manohar Paluri; Mark Zuckerberg; Marcin Kardas; Martynas Mankus; Mathew Oldham; Mathieu Rita; Matthew Lennie; Maya Pavlova; Meghan Keneally; Melanie Kambadur; Mihir Patel; Mikayel Samvelyan; Mike Clark; Mike Lewis; Min Si; Mitesh Kumar Singh; Mo Metanat; Mona Hassan; Naman Goyal; Narjes Torabi; Nicolas Usunier; Nikolay Bashlykov; Nikolay Bogoychev; Niladri Chatterji; Ning Dong; Oliver Aobo Yang; Olivier Duchenne; Onur Celebi; Parth Parekh; Patrick Alrassy; Paul Saab; Pavan Balaji; Pedro Rittner; Pengchuan Zhang; Pengwei Li; Petar Vasic; Peter Weng; Polina Zvyagina; Prajjwal Bhargava; Pratik Dubal; Praveen Krishnan; Punit Singh Koura; Qing He; Rachel Rodriguez; Ragavan Srinivasan; Rahul Mitra; Ramon Calderer; Raymond Li; Robert Stojnic; Roberta Raileanu; Robin Battey; Rocky Wang; Rohit Girdhar; Rohit Patel; Romain Sauvestre; Ronnie Polidoro; Roshan Sumbaly; Ross Taylor; Ruan Silva; Rui Hou; Rui Wang; Russ Howes; Ruty Rinott; Saghar Hosseini; Sai Jayesh Bondu; Samyak Datta; Sanjay Singh; Sara Chugh; Sargun Dhillon; Satadru Pan; Sean Bell; Sergey Edunov; Shaoliang Nie; Sharan Narang; Sharath Raparthy; Shaun Lindsay; Sheng Feng; Sheng Shen; Shenghao Lin; Shiva Shankar; Shruti Bhosale; Shun Zhang; Simon Vandenhende; Sinong Wang; Seohyun Sonia Kim; Soumya Batra; Sten Sootla; Steve Kehoe; Suchin Gururangan; Sumit Gupta; Sunny Virk; Sydney Borodinsky; Tamar Glaser; Tamar Herman; Tamara Best; Tara Fowler; Thomas Georgiou; Thomas Scialom; Tianhe Li; Todor Mihaylov; Tong Xiao; Ujjwal Karn; Vedanuj Goswami; Vibhor Gupta; Vignesh Ramanathan; Viktor Kerkez; Vinay Satish Kumar; Vincent Gonguet; Vish Vogeti; Vlad Poenaru; Vlad Tiberiu Mihailescu; Vladan Petrovic; Vladimir Ivanov; Wei Li; Weiwei Chu; Wenhan Xiong; Wenyin Fu; Wes Bouaziz; Whitney Meers; Will Constable; Xavier Martinet; Xiaojian Wu; Xinbo Gao; Xinfeng Xie; Xuchao Jia; Yaelle Goldschlag; Yann LeCun; Yashesh Gaur; Yasmine Babaei; Ye Qi; Yenda Li; Yi Wen; Yiwen Song; Youngjin Nam; Yuchen Hao; Yuchen Zhang; Yun Wang; Yuning Mao; Yuzi He; Zacharie Delpierre Coudert; Zachary DeVito; Zahra Hankir; Zhaoduo Wen; Zheng Yan; Zhengxing Chen; Zhenyu Yang; Zoe Papakipos,2024-04-18,Introducing Meta Llama 3: The most capable openly available LLM to date,https://ai.meta.com/blog/meta-llama-3/,Significant use,"Will almost certainly be very influential and widely used in the open access AI industry, as with the previous Llama generations.","""Llama 3 is pretrained on over 15T tokens that were all collected from publicly available sources. Our training dataset is seven times larger than that used for Llama 2, and it includes four times more code. To prepare for upcoming multilingual use cases, over 5% of the Llama 3 pretraining dataset consists of high-quality non-English data that covers over 30 languages.""",15000000000000.0,,NVIDIA H100 SXM5 80GB,Confident,,Open access (restricted use),16000.0,0.404,,,United States of America,Industry,70000000000.0,,6.30000000001e+24,"direct calculation
15000000000000 tokens*70000000000.00 parameters*6=6.300000000000001e+24
GPU calculation
400 TFLOPS per GPU * 6.4 million GPU hours * 3600s=9.216 × 10^24

""Our most efficient implementation achieves a compute utilization of over 400 TFLOPS per GPU when trained on 16K GPUs simultaneously. We performed training runs on two custom-built 24K GPU clusters.""
So the throughput may have been lower if they used more than 16k GPUs.",,,Llama 3 dataset,,,,,,,,,,,,,0.07082592
2,together/meta-llama/Llama-2-13b-chat-hf,0.0,0.0,13553,10583,2970,benchmarks/lab_bench,33,33,K8ZMVdhvw3UTk8acuLMrvE,2024-09-20T12:33:56-04:00,2024-09-20T12:33:56-04:00,2024-09-20T12:34:11-04:00,,,2024-09-20T12-33-56-04-00_benchmarks-lab-bench_8oR6SvBG86y53EYr2WVPTW.json,Llama 2-13B,1,$0.22,,,https://api.together.xyz/models/meta-llama/Llama-2-13b-chat-hf,https://api.together.xyz/models/meta-llama/Llama-2-13b-chat-hf,2024-09-03,,,Llama 2-13B,Language,Meta AI,"Hugo Touvron, Louis Martin, Kevin Stone, Peter Albert, Amjad Almahairi, Yasmine Babaei, Nikolay Bashlykov, Soumya Batra, Prajjwal Bhargava, Shruti Bhosale, Dan Bikel, Lukas Blecher, Cristian Canton Ferrer, Moya Chen, Guillem Cucurull, David Esiobu, Jude Fernandes, Jeremy Fu, Wenyin Fu, Brian Fuller, Cynthia Gao, Vedanuj Goswami, Naman Goyal, Anthony Hartshorn, Saghar Hosseini, Rui Hou, Hakan Inan, Marcin Kardas, Viktor Kerkez, Madian Khabsa, Isabel Kloumann, Artem Korenev, Punit Singh Koura, Marie-Anne Lachaux, Thibaut Lavril, Jenya Lee, Diana Liskovich, Yinghai Lu, Yuning Mao, Xavier Martinet, Todor Mihaylov, Pushkar Mishra, Igor Molybog, Yixin Nie, Andrew Poulton, Jeremy Reizenstein, Rashi Rungta, Kalyan Saladi, Alan Schelten, Ruan Silva, Eric Michael Smith, Ranjan Subramanian, Xiaoqing Ellen Tan, Binh Tang, Ross Taylor, Adina Williams, Jian Xiang Kuan, Puxin Xu, Zheng Yan, Iliyan Zarov, Yuchen Zhang, Angela Fan, Melanie Kambadur, Sharan Narang, Aurelien Rodriguez, Robert Stojnic, Sergey Edunov, Thomas Scialom
",2023-07-18,Llama 2: Open Foundation and Fine-Tuned Chat Models,"https://ai.meta.com/research/publications/llama-2-open-foundation-and-fine-tuned-chat-models/
https://arxiv.org/abs/2307.09288",,,"2 trillion tokens of publicly available text, with no text from Meta's products.
""Our training corpus includes a new mix of data from publicly available sources, which does not include data from Meta’s products or services. We made an effort to remove data from certain sites known to contain a high volume of personal information about private individuals. We trained on 2 trillion tokens of data as this
provides a good performance–cost trade-off, up-sampling the most factual sources in an effort to increase knowledge and dampen hallucinations.""",1500000000000.0,2 trillion tokens ~= 1.5 trillion words,NVIDIA A100 SXM4 80 GB,Confident,,Open access (restricted use),,,,,United States of America,,13000000000.0,"Llama has been released in 7B, 13B, and 70B variants.",1.6e+23,13 billion * 2 trillion * 6 = 1.6e23,,"In this work, we develop and release Llama 2, a collection of pretrained and fine-tuned large language models (LLMs) ranging in scale from 7 billion to 70 billion parameters. Our fine-tuned LLMs, called Llama 2-Chat, are optimized for dialogue use cases. Our models outperform open-source chat models on most benchmarks we tested, and based on our human evaluations for helpfulness and safety, may be a suitable substitute for closedsource models. We provide a detailed description of our approach to fine-tuning and safety improvements of Llama 2-Chat in order to enable the community to build on our work and contribute to the responsible development of LLMs.",Llama 2 dataset,,6701.0,,,,,,Language modelling,Industry,Unreleased,,"Llama 2 license. can't use outputs to train models.

https://github.com/meta-llama/llama/blob/main/LICENSE",0.00298166
3,anthropic/claude-2.0,0.3939393939393939,0.0863769261438741,164275,162038,2237,benchmarks/lab_bench,33,33,bmbo8dMPRbLBnJjWmtpv3F,2024-09-20T12:29:35-04:00,2024-09-20T12:29:35-04:00,2024-09-20T12:31:08-04:00,,,2024-09-20T12-29-35-04-00_benchmarks-lab-bench_PatW2w3d9YCZXEh6qpsmvS.json,Claude 2,1,,$8.00,$24.00,https://www.anthropic.com/pricing#anthropic-api,"https://docs.anthropic.com/en/docs/about-claude/models, https://github.com/anthropics/anthropic-sdk-python/blob/9255609357e71e1f34e71750370e548bb31b6eb6/src/anthropic/types/model.py#L13",2024-09-03,,,Claude 2,Language,Anthropic,,2023-07-11,,"https://www.anthropic.com/index/claude-2, https://www-files.anthropic.com/production/images/Model-Card-Claude-2.pdf",Historical significance,,"From model card: ""Claude models are trained on a proprietary mix of publicly available information from the Internet, datasets
that we license from third party businesses, and data that our users affirmatively share or that crowd workers provide. Some of the human feedback data used to finetune Claude was made public [12] alongside our RLHF [2] and red-teaming [4] research.
Claude 2’s training data cuts off in early 2023, and roughly 10 percent of the data included was non-English.""",,,,Speculative,,API access,,,,,United States of America,Industry,,,3.866e+24,https://colab.research.google.com/drive/1MdPuhS4Emaf23VXYZ-ooExDW-5GXZkw0#scrollTo=Ds0Q5X8aMnOY,,,,,0.0,,,,,,,,,,,1.3499919999999999
4,openai/gpt-4,0.2727272727272727,0.0787295821622217,135727,135524,203,benchmarks/lab_bench,33,33,RmoeSSRLBMmm9UKMdaiJwz,2024-09-20T12:26:06-04:00,2024-09-20T12:26:06-04:00,2024-09-20T12:27:48-04:00,,,2024-09-20T12-26-06-04-00_benchmarks-lab-bench_9JP5tryPTicS4T4Y5CSsB9.json,GPT-4,1,,$30.00,$60.00,https://openai.com/api/pricing/,"https://platform.openai.com/docs/models, https://openai.com/api/pricing/",2024-09-03,,,GPT-4,"Multimodal,Language,Vision,Image generation",OpenAI,"OpenAI, Josh Achiam, Steven Adler, Sandhini Agarwal, Lama Ahmad, Ilge Akkaya, Florencia Leoni Aleman, Diogo Almeida, Janko Altenschmidt, Sam Altman, Shyamal Anadkat, Red Avila, Igor Babuschkin, Suchir Balaji, Valerie Balcom, Paul Baltescu, Haiming Bao, Mohammad Bavarian, Jeff Belgum, Irwan Bello, Jake Berdine, Gabriel Bernadett-Shapiro, Christopher Berner, Lenny Bogdonoff, Oleg Boiko, Madelaine Boyd, Anna-Luisa Brakman, Greg Brockman, Tim Brooks, Miles Brundage, Kevin Button, Trevor Cai, Rosie Campbell, Andrew Cann, Brittany Carey, Chelsea Carlson, Rory Carmichael, Brooke Chan, Che Chang, Fotis Chantzis, Derek Chen, Sully Chen, Ruby Chen, Jason Chen, Mark Chen, Ben Chess, Chester Cho, Casey Chu, Hyung Won Chung, Dave Cummings, Jeremiah Currier, Yunxing Dai, Cory Decareaux, Thomas Degry, Noah Deutsch, Damien Deville, Arka Dhar, David Dohan, Steve Dowling, Sheila Dunning, Adrien Ecoffet, Atty Eleti, Tyna Eloundou, David Farhi, Liam Fedus, Niko Felix, Simón Posada Fishman, Juston Forte, Isabella Fulford, Leo Gao, Elie Georges, Christian Gibson, Vik Goel, Tarun Gogineni, Gabriel Goh, Rapha Gontijo-Lopes, Jonathan Gordon, Morgan Grafstein, Scott Gray, Ryan Greene, Joshua Gross, Shixiang Shane Gu, Yufei Guo, Chris Hallacy, Jesse Han, Jeff Harris, Yuchen He, Mike Heaton, Johannes Heidecke, Chris Hesse, Alan Hickey, Wade Hickey, Peter Hoeschele, Brandon Houghton, Kenny Hsu, Shengli Hu, Xin Hu, Joost Huizinga, Shantanu Jain, Shawn Jain et al. (181 additional authors not shown)",2023-03-15,GPT-4 Technical Report,https://arxiv.org/abs/2303.08774,"Highly cited,SOTA improvement,Training cost","See the paper, p.1: ""On a suite of traditional NLP benchmarks, GPT-4 outperforms both previous large language models and most state-of-the-art systems (which often have benchmark-specific training or hand-engineering).""",,4900000000000.0,"Speculative. Reported secondhand by online sources such as Semianalysis, but not verified by OpenAI. If total number of tokens seen was 13T, text was repeated for 2 epochs, and text was the majority of tokens, then dataset size roughly is 13T*0.75/2 = 4.9T words.

Note this examines only the text dataset, since GPT-4 was first and foremost a language model. However, the vision component had its own vision dataset, which we believe accounted for a much smaller part of the compute budget.",NVIDIA A100 SXM4 40 GB,Speculative,2.0,API access,25000.0,0.34,,,United States of America,Industry,,,2.1e+25,"90% CI: 8.2E+24 to 4.4E+25

NOTE: this is a rough estimate based on public information, much less information than most other systems in the database.

Calculation and confidence intervals here: https://colab.research.google.com/drive/1O99z9b1I5O66bT78r9ScslE_nOj5irN9?usp=sharing",(Speculative) SemiAnalysis conjectures that GPT-4 training took 90-100 days with utilization of 32-36%.,"We report the development of GPT-4, a large-scale, multimodal model which can accept image and text inputs and produce text outputs. While less capable than humans in many real-world scenarios, GPT-4 exhibits human-level performance on various professional and academic benchmarks, including passing a simulated bar exam with a score around the top 10% of test takers. GPT-4 is a Transformer-based model pre-trained to predict the next token in a document. The post-training alignment process results in improved performance on measures of factuality and adherence to desired behavior. A core component of this project was developing infrastructure and optimization methods that behave predictably across a wide range of scales. This allowed us to accurately predict some aspects of GPT-4's performance based on models trained with no more than 1/1,000th the compute of GPT-4.",,2280.0,6489.0,,,,,40586592.57781653,,,,,,4.0779
5,openai/gpt-4o,0.3333333333333333,0.08333333333333333,197551,197452,99,benchmarks/lab_bench,33,33,RtYfoXfqswj832hR4cQw8K,2024-09-20T12:27:58-04:00,2024-09-20T12:27:58-04:00,2024-09-20T12:28:02-04:00,,,2024-09-20T12-27-58-04-00_benchmarks-lab-bench_oPgJsYsmxUtUSc4PUAA69C.json,GPT-4o,1,,$5.00,$15.00,https://openai.com/api/pricing/,"https://platform.openai.com/docs/models, https://openai.com/api/pricing/",2024-09-03,,,GPT-4o,"Multimodal,Language,Audio,Speech,Vision",OpenAI,"Aidan Clark, Alex Paino, Jacob Menick, Liam Fedus, Luke Metz, Clemens Winter, Lia Guy, Sam Schoenholz, Daniel Levy, Nitish Keskar, Alex Carney, Alex Paino, Ian Sohl, Qiming Yuan, Reimar Leike, Arka Dhar, Brydon Eastman, Mia Glaese, Ben Sokolowsky, Andrew Kondrich, Felipe Petroski Such, Henrique Ponde de Oliveira Pinto, Jiayi Weng, Randall Lin, Youlong Cheng, Nick Ryder, Lauren Itow, Barret Zoph, John Schulman, Mianna Chen, Adam Lerer, Adam P. Goucher, Adam Perelman, Akila Welihinda, Alec Radford, Alex Borzunov, Alex Carney, Alex Chow, Alex Paino, Alex Renzin, Alex Tachard Passos, Alexi Christakis, Ali Kamali, Allison Moyer, Allison Tam, Amin Tootoonchian, Ananya Kumar, Andrej Karpathy, Andrey Mishchenko, Andrew Cann, Andrew Kondrich, Andrew Tulloch, Angela Jiang, Antoine Pelisse, Anuj Gosalia, Avi Nayak, Avital Oliver, Behrooz Ghorbani, Ben Leimberger, Ben Wang, Blake Samic, Brian Guarraci, Brydon Eastman, Camillo Lugaresi, Chak Li, Charlotte Barette, Chelsea Voss, Chong Zhang, Chris Beaumont, Chris Hallacy, Chris Koch, Christian Gibson, Christopher Hesse, Colin Wei, Daniel Kappler, Daniel Levin, Daniel Levy, David Farhi, David Mely, David Sasaki, Dimitris Tsipras, Doug Li, Duc Phong Nguyen, Duncan Findlay, Edmund Wong, Ehsan Asdar, Elizabeth Proehl, Elizabeth Yang, Eric Peterson, Eric Sigler, Eugene Brevdo, Farzad Khorasani, Francis Zhang, Gene Oden, Geoff Salmon, Hadi Salman, Haiming Bao, Heather Schmidt, Hongyu Ren, Hyung Won Chung, Ian Kivlichan, Ian O'Connell, Ian Osband, Ilya Kostrikov, Ingmar Kanitscheider, Jacob Coxon, James Crooks, James Lennon, Jason Teplitz, Jason Wei, Jason Wolfe, Jay Chen, Jeff Harris, Jiayi Weng, Jie Tang, Joanne Jang, Jonathan Ward, Jonathan McKay, Jong Wook Kim, Josh Gross, Josh Kaplan, Joy Jiao, Joyce Lee, Juntang Zhuang, Kai Fricke, Kavin Karthik, Kenny Hsu, Kiel Howe, Kyle Luther, Larry Kai, Lauren Itow, Leo Chen, Lia Guy, Lien Mamitsuka, Lilian Weng, Long Ouyang, Louis Feuvrier, Lukas Kondraciuk, Lukasz Kaiser, Lyric Doshi, Mada Aflak, Maddie Simens, Madeleine Thompson, Marat Dukhan, Marvin Zhang, Mateusz Litwin, Max Johnson, Mayank Gupta, Mia Glaese, Michael Janner, Michael Petrov, Michael Wu, Michelle Fradin, Michelle Pokrass, Miguel Oom Temudo de Castro, Mikhail Pavlov, Minal Khan, Mo Bavarian, Natalia Gimelshein, Natalie Staudacher, Nick Stathas, Nik Tezak, Nithanth Kudige, Noel Bundick, Ofir Nachum, Oleg Boiko, Oleg Murk, Olivier Godement, Owen Campbell-Moore, Philip Pronin, Philippe Tillet, Rachel Lim, Rajan Troll, Randall Lin, Rapha gontijo lopes, Raul Puri, Reah Miyara, Reimar Leike, Renaud Gaubert, Reza Zamani, Rob Honsby, Rohit Ramchandani, Rory Carmichael, Ruslan Nigmatullin, Ryan Cheu, Scott Gray, Sean Grove, Sean Metzger, Shantanu Jain, Shengjia Zhao, Sherwin Wu, Shuaiqi (Tony) Xia, Sonia Phene, Spencer Papay, Steve Coffey, Steve Lee, Steve Lee, Stewart Hall, Suchir Balaji, Tal Broda, Tal Stramer, Tarun Gogineni, Ted Sanders, Thomas Cunninghman, Thomas Dimson, Thomas Raoux, Tianhao Zheng, Tina Kim, Todd Underwood, Tristan Heywood, Valerie Qi, Vinnie Monaco, Vlad Fomenko, Weiyi Zheng, Wenda Zhou, Wojciech Zaremba, Yash Patil, Yilei, Qian, Yongjik Kim, Youlong Cheng, Yuchen He, Yuchen Zhang, Yujia Jin, Yunxing Dai, Yury Malkov",2024-05-13,Hello GPT-4o,https://openai.com/index/hello-gpt-4o/ ,"SOTA improvement,Significant use","Outperforms GPT-4 Turbo and other models on text and especially on multimodal benchmarks, such as MMLU, GPQA, HumanEval, MMMU, etc See Model Evaluations: https://openai.com/index/hello-gpt-4o/ 

GPT-4o is now the default model in ChatGPT, so it's one of the most widely used models.","""With GPT-4o, we trained a single new model end-to-end across text, vision, and audio.""",,,,Confident,,API access,,,,,United States of America,Industry,,"Not known.

Inference costs in the API are 2x cheaper than GPT-4 Turbo",,"Not known. But it's more capable than GPT-4, Gemini 1 Ultra, etc",,"We’re announcing GPT-4o, our new flagship model that can reason across audio, vision, and text in real time.

GPT-4o (“o” for “omni”) is a step towards much more natural human-computer interaction—it accepts as input any combination of text, audio, image, and video and generates any combination of text, audio, and image outputs. It can respond to audio inputs in as little as 232 milliseconds, with an average of 320 milliseconds, which is similar to human response time(opens in a new window) in a conversation. It matches GPT-4 Turbo performance on text in English and code, with significant improvement on text in non-English languages, while also being much faster and 50% cheaper in the API. GPT-4o is especially better at vision and audio understanding compared to existing models.",Unspecified unreleased,,,,,"Definitely a new model, not a GPT-4 finetune",,,,,,,,0.988745
6,anthropic/claude-3-5-sonnet-20240620,0.36363636363636365,0.08503766788122595,215278,215079,199,benchmarks/lab_bench,33,33,KQnmCXFpfRA9u7bmCXpypy,2024-09-20T12:28:06-04:00,2024-09-20T12:28:06-04:00,2024-09-20T12:28:37-04:00,,,2024-09-20T12-28-06-04-00_benchmarks-lab-bench_VmjwgZ77dHiKcrDXS9qWTK.json,Claude 3.5 Sonnet,1,,$3.00,$15.00,https://www.anthropic.com/pricing#anthropic-api,"https://docs.anthropic.com/en/docs/about-claude/models, https://github.com/anthropics/anthropic-sdk-python/blob/9255609357e71e1f34e71750370e548bb31b6eb6/src/anthropic/types/model.py#L13",2024-09-03,,,Claude 3.5 Sonnet,"Multimodal,Language,Vision",Anthropic,,2024-06-20,Claude 3.5 Sonnet,https://www-cdn.anthropic.com/fed9cc193a14b84131812372d8d5857f8f304c52/Model_Card_Claude_3_Addendum.pdf,"Significant use,SOTA improvement","""It also sets new performance standards in evaluations of graduate
level science knowledge (GPQA) [1], general reasoning (MMLU) [2], and coding proficiency (HumanEval)
[3].""",,,,,Unknown,,API access,,,,,United States of America,Industry,,,,,,,,,,,,,,,,,,,,0.6482220000000001
7,google/gemini-1.0-pro,0.24242424242424243,0.07575757575757575,161391,161264,127,benchmarks/lab_bench,33,33,5SyaUYuRYZWiR4qZfYo7mi,2024-09-20T12:24:37-04:00,2024-09-20T12:24:37-04:00,2024-09-20T12:26:05-04:00,,,2024-09-20T12-24-37-04-00_benchmarks-lab-bench_K8u5pzDoMJ6iZNTgyYyeDb.json,Gemini 1.0 Pro,1,,$0.50,$1.50,https://ai.google.dev/pricing,https://ai.google.dev/gemini-api/docs/models/gemini,2024-09-03,,1.0,Gemini 1.0 Pro,"Multimodal,Language,Vision",Google DeepMind,Gemini Team,2023-12-06,Gemini: A Family of Highly Capable Multimodal Models,https://storage.googleapis.com/deepmind-media/gemini/gemini_1_report.pdf,Significant use,"Default/free model on gemini.google.com

From paper:
""Broadly, we find that the performance of Gemini Pro outperforms inference-optimized models such as GPT-3.5 and performs comparably with several of the most capable models available, and Gemini Ultra outperforms all current models. In this section, we examine some of these findings.""","""Gemini models are trained on a dataset that is both multimodal and multilingual. Our pretraining dataset uses data from web documents, books, and code, and includes image, audio, and video data... We find that data quality is critical to a highlyperforming model, and believe that many interesting questions remain around finding the optimal
dataset distribution for pretraining.""",,,Google TPU v4,Unknown,,API access,,,,,Multinational,Industry,,,,"Not known.

Our reasoning and calculations for Gemini 1 Ultra are detailed in this Colab notebook.
https://colab.research.google.com/drive/1sfG91UfiYpEYnj_xB5YRy07T5dv-9O_c",,"This report introduces a new family of multimodal models, Gemini, that exhibit remarkable capabilities across image, audio, video, and text understanding. The Gemini family consists of Ultra, Pro, and Nano sizes, suitable for applications ranging from complex reasoning tasks to on-device memory-constrained use-cases. Evaluation on a broad range of benchmarks shows that our most-capable Gemini Ultra model advances the state of the art in 30 of 32 of these benchmarks — notably being the first model to achieve human-expert performance on the well-studied exam benchmark MMLU, and improving the state of the art in every one of the 20 multimodal benchmarks we examined. We believe that the new capabilities of Gemini models in cross-modal reasoning and language understanding will enable a wide variety of use cases and we discuss our approach toward deploying them responsibly to users.
",Unspecified unreleased,,633.0,,,,,,,,,,,0.08082249999999999
8,openai/gpt-4-turbo,0.3333333333333333,0.08333333333333333,196891,196759,132,benchmarks/lab_bench,33,33,UgzHSYPn9mj6CDLPhrcW8i,2024-09-20T12:27:49-04:00,2024-09-20T12:27:49-04:00,2024-09-20T12:27:57-04:00,,,2024-09-20T12-27-49-04-00_benchmarks-lab-bench_2h7N4P8im2UUC9cPbdPLnC.json,GPT-4 Turbo,1,,$10.00,$30.00,https://openai.com/api/pricing/,"https://platform.openai.com/docs/models, https://openai.com/api/pricing/",2024-09-03,,,GPT-4 Turbo,"Multimodal,Vision,Language,Image generation",OpenAI,,2023-11-06,New models and developer products announced at DevDay,https://openai.com/blog/new-models-and-developer-products-announced-at-devday,SOTA improvement,"""More capable"" than GPT-4 according to OpenAI, with larger context window",,,,,Unknown,,API access,,,,,United States of America,Industry,,Not known. Maybe smaller/sparser than GPT-4.,,,,"Today, we shared dozens of new additions and improvements, and reduced pricing across many parts of our platform. These include:

New GPT-4 Turbo model that is more capable, cheaper and supports a 128K context window",Unspecified unreleased,,,,,,,,,,,,,1.9715500000000001
9,mistral/mistral-large-2407,0.30303030303030304,0.08124094920275461,209625,209217,408,benchmarks/lab_bench,33,33,MHgUJB6ERU5VMn3xk4vufx,2024-09-20T12:31:09-04:00,2024-09-20T12:31:09-04:00,2024-09-20T12:31:20-04:00,,,2024-09-20T12-31-09-04-00_benchmarks-lab-bench_FXFp93mC5GzZVi94YYLras.json,Mistral Large 2,1,,$3.00,$9.00,https://mistral.ai/technology/#pricing,https://mistral.ai/technology/#pricing,2024-09-03,,,Mistral Large 2,Language,Mistral AI,"Albert Jiang, Alexandre Sablayrolles, Alexis Tacnet, Alok Kothari, Antoine Roux, Arthur Mensch, Audrey Herblin-Stoop, Augustin Garreau, Austin Birky, Bam4d, Baptiste Bout, Baudouin de Monicault, Blanche Savary, Carole Rambaud, Caroline Feldman, Devendra Singh Chaplot, Diego de las Casas, Diogo Costa, Eleonore Arcelin, Emma Bou Hanna, Etienne Metzger, Gaspard Blanchet, Gianna Lengyel, Guillaume Bour, Guillaume Lample, Harizo Rajaona, Henri Roussez, Hichem Sattouf, Ian Mack, Jean-Malo Delignon, Jessica Chudnovsky, Justus Murke, Kartik Khandelwal, Lawrence Stewart, Louis Martin, Louis Ternon, Lucile Saulnier, Lélio Renard Lavaud, Margaret Jennings, Marie Pellat, Marie Torelli, Marie-Anne Lachaux, Marjorie Janiewicz, Mickaël Seznec, Nicolas Schuhl, Niklas Muhs, Olivier de Garrigues, Patrick von Platen, Paul Jacob, Pauline Buche, Pavan Kumar Reddy, Perry Savas, Pierre Stock, Romain Sauvestre, Sagar Vaze, Sandeep Subramanian, Saurabh Garg, Sophia Yang, Szymon Antoniak, Teven Le Scao, Thibault Schueller, Thibaut Lavril, Thomas Wang, Théophile Gervet, Timothée Lacroix, Valera Nemychnikova, Wendy Shang, William El Sayed, William Marshall",2024-07-24,"Top-tier reasoning for high-complexity tasks, for your most sophisticated needs.",https://mistral.ai/news/mistral-large-2407/,,,,,,,Speculative,,Open access (non-commercial),,,,,France,,123000000000.0,,,"I put speculative compute estimation of Mistral Large (released in Feb 2024) as a lower bound for Mistral Large 2

estimation for Mistral Large:

https://www.wsj.com/tech/ai/the-9-month-old-ai-startup-challenging-silicon-valleys-giants-ee2e4c48
https://x.com/EMostaque/status/1762152740938031484?s=20
""assuming this is on H100s with @Scaleway who are €1.9/hour => 10m H100 hours (c 30m A100 hrs), 3 months at 4k H100s :timer_clock:"" -Emad Mostaque
Assuming bf16 or fp16, H100 PCIe performance is 1513 TFLOPS
At 1.9 euro per H100-hour and 33% utilization, spending 20M euro produces 1.9*10^25 FLOP.
https://www.wolframalpha.com/input?i=20+million+%2F+%281.9%2Fhour%29+*+3958+TFLOPS+*+0.33
https://www.scaleway.com/en/h100-pcie-try-it-now/",,"Today, we are announcing Mistral Large 2, the new generation of our flagship model. Compared to its predecessor, Mistral Large 2 is significantly more capable in code generation, mathematics, and reasoning. It also provides a much stronger multilingual support, and advanced function calling capabilities.",Unspecified unreleased,,,,,,,,"Language modelling/generation,Translation,Code generation",Industry,Unreleased,,"""We are releasing Mistral Large 2 under the Mistral Research License, that allows usage and modification for research and non-commercial usages. For commercial usage of Mistral Large 2 requiring self-deployment, a Mistral Commercial License must be acquired by contacting us.""",0.6313230000000001
10,together/meta-llama/Meta-Llama-3.1-405B-Instruct-Turbo,0.21212121212121213,0.07226812131946558,86708,80848,5860,benchmarks/lab_bench,33,33,Fk3aGQp9T6rurgd878qLzL,2024-09-20T12:33:26-04:00,2024-09-20T12:33:26-04:00,2024-09-20T12:33:51-04:00,,,2024-09-20T12-33-26-04-00_benchmarks-lab-bench_6DNcih3RCiqhZjGVonM3zv.json,Llama 3.1-405B,1,$5.00,,,https://api.together.xyz/models/meta-llama/Meta-Llama-3.1-405B-Instruct-Turbo,https://api.together.xyz/models/meta-llama/Meta-Llama-3.1-405B-Instruct-Turbo,2024-09-03,,,Llama 3.1-405B,Language,Meta AI,"Abhimanyu Dubey, Abhinav Jauhri, Abhinav Pandey, Abhishek Kadian, Ahmad Al-Dahle, Aiesha Letman,
Alan Schelten, Amy Yang, Angela Fan, Anirudh Goyal, Anthony Hartshorn, Aobo Yang, Archi Mitra, Archie
Sravankumar, Artem Korenev, Arthur Hinsvark, Arun Rao, Aston Zhang, Aurelien Rodriguez, Austen
Gregerson, Ava Spataru, Baptiste Roziere, Bethany Biron, Binh Tang, Bobbie Chern, Charlotte Caucheteux,
Chaya Nayak, Chloe Bi, Chris Marra, Chris McConnell, Christian Keller, Christophe Touret, Chunyang
Wu, Corinne Wong, Cristian Canton Ferrer, Cyrus Nikolaidis, Damien Allonsius, Daniel Song, Danielle
Pintz, Danny Livshits, David Esiobu, Dhruv Choudhary, Dhruv Mahajan, Diego Garcia-Olano, Diego Perino,
Dieuwke Hupkes, Egor Lakomkin, Ehab AlBadawy, Elina Lobanova, Emily Dinan, Eric Michael Smith, Filip
Radenovic, Frank Zhang, Gabriel Synnaeve, Gabrielle Lee, Georgia Lewis Anderson, Graeme Nail, Gregoire
Mialon, Guan Pang, Guillem Cucurell, Hailey Nguyen, Hannah Korevaar, Hu Xu, Hugo Touvron, Iliyan Zarov,
Imanol Arrieta Ibarra, Isabel Kloumann, Ishan Misra, Ivan Evtimov, Jade Copet, Jaewon Lee, Jan Geffert,
Jana Vranes, Jason Park, Jay Mahadeokar, Jeet Shah, Jelmer van der Linde, Jennifer Billock, Jenny Hong,
Jenya Lee, Jeremy Fu, Jianfeng Chi, Jianyu Huang, Jiawen Liu, Jie Wang, Jiecao Yu, Joanna Bitton, Joe
Spisak, Jongsoo Park, Joseph Rocca, Joshua Johnstun, Joshua Saxe, Junteng Jia, Kalyan Vasuden Alwala,
Kartikeya Upasani, Kate Plawiak, Ke Li, Kenneth Heafield, Kevin Stone, Khalid El-Arini, Krithika Iyer,
Kshitiz Malik, Kuenley Chiu, Kunal Bhalla, Lauren Rantala-Yeary, Laurens van der Maaten, Lawrence
Chen, Liang Tan, Liz Jenkins, Louis Martin, Lovish Madaan, Lubo Malo, Lukas Blecher, Lukas Landzaat,
Luke de Oliveira, Madeline Muzzi, Mahesh Pasupuleti, Mannat Singh, Manohar Paluri, Marcin Kardas,
Mathew Oldham, Mathieu Rita, Maya Pavlova, Melanie Kambadur, Mike Lewis, Min Si, Mitesh Kumar
Singh, Mona Hassan, Naman Goyal, Narjes Torabi, Nikolay Bashlykov, Nikolay Bogoychev, Niladri Chatterji,
Olivier Duchenne, Onur Çelebi, Patrick Alrassy, Pengchuan Zhang, Pengwei Li, Petar Vasic, Peter Weng,
Prajjwal Bhargava, Pratik Dubal, Praveen Krishnan, Punit Singh Koura, Puxin Xu, Qing He, Qingxiao Dong,
Ragavan Srinivasan, Raj Ganapathy, Ramon Calderer, Ricardo Silveira Cabral, Robert Stojnic, Roberta
Raileanu, Rohit Girdhar, Rohit Patel, Romain Sauvestre, Ronnie Polidoro, Roshan Sumbaly, Ross Taylor,
Ruan Silva, Rui Hou, Rui Wang, Saghar Hosseini, Sahana Chennabasappa, Sanjay Singh, Sean Bell, Seohyun
Sonia Kim, Sergey Edunov, Shaoliang Nie, Sharan Narang, Sharath Raparthy, Sheng Shen, Shengye Wan,
Shruti Bhosale, Shun Zhang, Simon Vandenhende, Spencer Whitman, Sten Sootla, Stephane Collot, Suchin
Gururangan, Sydney Borodinsky, Tamar Herman, Tara Fowler, Tarek Sheasha, Thomas Georgiou, Thomas
Scialom, Tobias Speckbacher, Todor Mihaylov, Tong Xiao, Ujjwal Karn, Vedanuj Goswami, Vibhor Gupta,
Vignesh Ramanathan, Viktor Kerkez, Vincent Gonguet, Virginie Do, Vish Vogeti, Vladan Petrovic, Weiwei
Chu, Wenhan Xiong, Wenyin Fu, Whitney Meers, Xavier Martinet, Xiaodong Wang, Xiaoqing Ellen Tan,
Xinfeng Xie, Xuchao Jia, Xuewei Wang, Yaelle Goldschlag, Yashesh Gaur, Yasmine Babaei, Yi Wen, Yiwen
Song, Yuchen Zhang, Yue Li, Yuning Mao, Zacharie Delpierre Coudert, Zheng Yan, Zhengxing Chen, and Zoe
Papakipos.
(core contributors)",2024-07-23,The Llama 3 Herd of Models,https://ai.meta.com/research/publications/the-llama-3-herd-of-models/,"SOTA improvement,Training cost","High training compute, exceeds 4o and Claude 3.5 on some benchmarks:

https://ai.meta.com/blog/meta-llama-3-1/ ",,15600000000000.0,15.6T tokens,NVIDIA H100 SXM5 80GB,Confident,1.0,Open access (restricted use),16000.0,,16000000.0,,United States of America,Industry,405000000000.0,405B,3.8e+25,"Stated in paper.

Also, 6 * 405B * 15.6T training tokens = 3.8e25","Trained on 30.84M GPU hours (https://huggingface.co/blog/llama31) and used ""up to 16K H100 GPU[s]"" so training took at least
30.84M / 16k = 1927.5 hours or ~80 days. 

Section 3.3.4 gives reliability details over a 54 day period during training, for which they had ""higher than 90% effective training time""
1927.5 / 0.9 = 2142 hours

Probably, full training time is somewhat longer, since it sounds like there were periods where not all 16k H100s were running.","Modern artificial intelligence (AI) systems are powered by foundation models. This paper presents a new set of foundation models, called Llama 3. It is a herd of language models that natively support multilinguality, coding, reasoning, and tool usage. Our largest model is a dense Transformer with 405B parameters and a context window of up to 128K tokens. This paper presents an extensive empirical evaluation of Llama 3. We find that Llama 3 delivers comparable quality to leading language models such as GPT-4 on a plethora of tasks. We publicly release Llama 3, including pre-trained and post-trained versions of the 405B parameter language model and our Llama Guard 3 model for input and output safety. The paper also presents the results of experiments in which we integrate image, video, and speech capabilities into Llama 3 via a compositional approach. We observe this approach performs competitively with the state-of-the-art on image, video, and speech recognition tasks. The resulting models are not yet being broadly released as they are still under development.",Llama 3 dataset,2142.0,,,,,,,,,,,,0.43354000000000004
11,google/gemini-1.5-pro,0.5151515151515151,0.08834775598250455,161363,161264,99,benchmarks/lab_bench,33,33,5KWW5fSKoyB9rGhBhUMvbp,2024-09-20T12:24:31-04:00,2024-09-20T12:24:31-04:00,2024-09-20T12:24:36-04:00,,,2024-09-20T12-24-31-04-00_benchmarks-lab-bench_RYeJjwNXaAtKNQnmXaJSh9.json,Gemini 1.5 Pro,1,,$3.50,$10.50,https://ai.google.dev/pricing,https://ai.google.dev/gemini-api/docs/models/gemini,2024-09-03,,1.0,Gemini 1.5 Pro,"Language,Multimodal",Google DeepMind,Gemini Team,2024-02-15,Gemini 1.5: Unlocking multimodal understanding across millions of tokens of context,https://storage.googleapis.com/deepmind-media/gemini/gemini_v1_5_report.pdf,Significant use,"Google DeepMind's current best public model, being used for their products.",,,,,Unknown,,API access,,,,,Multinational,Industry,,MoE architecture,,,,,,,,,,,,,,,,,,0.5654635
12,anthropic/claude-3-opus-20240229,0.2727272727272727,0.0787295821622217,215279,215079,200,benchmarks/lab_bench,33,33,C5W7GZuL4iVR4kWS6QkKDD,2024-09-20T12:28:38-04:00,2024-09-20T12:28:38-04:00,2024-09-20T12:29:34-04:00,,,2024-09-20T12-28-38-04-00_benchmarks-lab-bench_3PtgwsVyWo4VkW86c2FnQc.json,Claude 3 Opus,1,,$15.00,$75.00,https://www.anthropic.com/pricing#anthropic-api,"https://docs.anthropic.com/en/docs/about-claude/models, https://github.com/anthropics/anthropic-sdk-python/blob/9255609357e71e1f34e71750370e548bb31b6eb6/src/anthropic/types/model.py#L13",2024-09-03,,,Claude 3 Opus,"Multimodal,Language,Vision",Anthropic,,2024-03-04,"The Claude 3 Model Family: Opus, Sonnet, Haiku",https://www-cdn.anthropic.com/de8ba9b01c9ab7cbabf5c33b80b7bbc618857627/Model_Card_Claude_3.pdf,SOTA improvement,,"Claude 3 models are trained on a proprietary mix of publicly available information on the Internet as of August 2023, as well as non-public data from third parties, data provided by data labeling services and paid contractors, and data we generate internally. We employ several data cleaning and filtering methods, including deduplication and classification. The Claude 3 suite of models have not been trained on any user prompt or output data submitted to us by users or customers, including free users, Claude Pro users, and API customers.",,,,Unknown,,API access,,,,,United States of America,Industry,,,,,"Like its predecessors, Claude 3 models employ various training methods, such as unsupervised learning and Constitutional AI [6]. These models were trained using hardware from Amazon Web Services (AWS) and Google Cloud Platform (GCP)","We introduce Claude 3, a new family of large multimodal models – Claude 3 Opus, our most capable offering, Claude 3 Sonnet, which provides a combination of skills and speed, and Claude 3 Haiku, our fastest and least expensive model. All new models have vision capabilities that enable them to process and analyze image data. The Claude 3 family demonstrates strong performance across benchmark evaluations and sets a new standard on
measures of reasoning, math, and coding. Claude 3 Opus achieves state-of-the-art results on evaluations like GPQA [1], MMLU [2], MMMU [3] and many more. Claude 3 Haiku performs as well or better than Claude 2 [4] on most pure-text tasks, while Sonnet and Opus significantly outperform it. Additionally, these models exhibit improved fluency in non-English languages, making them more versatile for a global audience. In this report, we provide an in-depth analysis of our evaluations, focusing on core capabilities, safety, societal impacts, and the catastrophic risk assessments we committed to in our Responsible Scaling Policy [5].
",,,,,,,"Per https://time.com/6980000/anthropic/
""Claude 3 cost somewhere between $30 million and $300 million to train""
This would seem to include all three versions.

Ballpark estimate, based on relative API costs:
sqrt($30M * $300M) * (15 / (0.25 + 3 + 15)) = $78.0M
(cost) * (Sonnet share of API cost)

Convert to 2020 dollars: $64.7M",,,,,,,3.241185
